{
	"slidepics": {
		"value": [{
			"title": "Gooseberry and Elderflower Tower Cakes",
			"image": "images/banners.jpg",
			"link": "article/1.html",
			"description": "Although it isn't gooseberry season anymore, I thought I would publish this recipe now because it wo..."
		}, {
			"title": "测试图2",
			"image": "http://img0.bdstatic.com/static/common/widget/search_box_search/logo/logo_3b6de4c.png",
			"link": "http://www.baidu.com"
		}],
		"description": "大轮滚图",
		"type": "images",
		"config": {
			"width": 950,
			"height": 500,
			"limit": 4
		}
	},
	"links": {
		"value": [{
			"title": "百度贴吧",
			"image": "http://tb2.bdstatic.com/tb/static-common/img/search_logo_big_282cef2.gif",
			"link": "http://www.baidu.com"
		}, {
			"title": "百度图片",
			"image": "http://img0.bdstatic.com/static/common/widget/search_box_search/logo/logo_3b6de4c.png",
			"link": "http://www.baidu.com"
		}],
		"description": "友情链接",
		"type": "images",
		"config": {
			"width": 100,
			"height": 60
		}
	},
	"contact_us": {
		"value": "地  址：厦门市思明区软件园\r\n手  机：13489990000\r\n电  话：0592-23232232\r\n联系人：X先生\r\n邮  箱：01@eexx.me\r\n",
		"description": "联系我们",
		"type": "textarea"
	}
}